[{"brand":"Daewoo","model":"Matiz","price":12412,"year":2005,"engine":1.3,"gearbox":"Mechanical","condition":"New","owner":{"username":"me","notifications":[]}},{"brand":"Daewoo","model":"Lanos","price":1212412,"year":2005,"engine":1.4,"gearbox":"Mechanical","condition":"New","owner":{"username":"hello","notifications":[]}},{"brand":"Daewoo","model":"World","price":124312,"year":2000,"engine":1.4,"gearbox":"Mechanical","condition":"New","owner":{"username":"me","notifications":[]}},{"brand":"Daewoo","model":"QuQu","price":124212,"year":2002,"engine":1.3,"gearbox":"Mechanical","condition":"New","owner":{"username":"hello","notifications":[{"message":null},{"message":null},{"message":null}]}},{"brand":"Daewoo","model":"Sens","price":102,"year":2009,"engine":1.3,"gearbox":"Mechanical","condition":"New","owner":{"username":"me","notifications":[{"message":null},{"message":"hello want to buy your car : Daewoo Sens. 2009 year. 102 $."}]}},{"brand":"BMW","model":"5 Series","price":29999,"year":2009,"engine":0,"gearbox":"","condition":"","owner":{"username":"me","notifications":[{"message":"hello want to buy your car : Daewoo Sens. 2009 year. 102 $."},{"message":"hello want to buy your car : Daewoo Sens. 2009 year. 102 $."},{"message":"hihi want to buy your car : Daewoo Sens. 2009 year. 102 $."},{"message":"User \u0027hello\u0027, want to buy your car : Daewoo World. 2000 year. 124312 $."},{"message":"User \u0027hello\u0027, want to buy your car : Daewoo World. 2000 year. 124312 $."},{"message":"User \u0027hello\u0027, want to buy your car : Daewoo World. 2000 year. 124312 $."},{"message":"User \u0027hello\u0027, want to buy your car : Daewoo World. 2000 year. 124312 $."},{"message":"User \u0027hello\u0027, want to buy your car : Daewoo World. 2000 year. 124312 $."},{"message":"User \u0027hello\u0027, want to buy your car : Daewoo World. 2000 year. 124312 $."},{"message":"User \u0027hello\u0027, want to buy your car : Daewoo World. 2000 year. 124312 $."},{"message":"User \u0027hello\u0027, want to buy your car : Daewoo World. 2000 year. 124312 $."}]}},{"brand":"MB","model":"CLS 400","price":35000,"year":2021,"engine":4,"gearbox":"Automatic","condition":"Used","owner":{"username":"Anotherme","notifications":[]}},{"brand":"Audi","model":"100","price":8000,"year":1999,"engine":2,"gearbox":"Mechanical","condition":"Used","owner":{"username":"AudiOwner","notifications":[]}},{"brand":"Audi","model":"80","price":5600,"year":1994,"engine":2,"gearbox":"Mechanical","condition":"Used","owner":{"username":"AudiOwner2","notifications":[]}},{"brand":"Audi","model":"RS6","price":45000,"year":2019,"engine":4,"gearbox":"Automatic","condition":"Used","owner":{"username":"AudiOwner1","notifications":[]}},{"brand":"Maseratti","model":"Stradalle","price":89000,"year":2023,"engine":5,"gearbox":"Automatic","condition":"New","owner":{"username":"NotAudiOwner","notifications":[]}},{"brand":"Man","model":"Man","price":200000,"year":2020,"engine":18,"gearbox":"Automatic","condition":"Used","owner":{"username":"Man","notifications":[]}},{"brand":"Volkswagen","model":"Golf","price":9999,"year":2010,"engine":2,"gearbox":"Mechanical","condition":"Used","owner":{"username":"Hello","notifications":[]}},{"brand":"BMW","model":"3 Series","price":29000,"year":2000,"engine":4,"gearbox":"Mechanical","condition":"Used","owner":{"username":"User1","notifications":[]}},{"brand":"BMW","model":"M3","price":32000,"year":2019,"engine":4.4,"gearbox":"Automatic","condition":"Used","owner":{"username":"User1","notifications":[]}},{"brand":"Audi ","model":"A4","price":9000,"year":2005,"engine":1.8,"gearbox":"Mechanical","condition":"Used","owner":{"username":"User1","notifications":[]}},{"brand":"Lambo","model":"Aventador","price":75000,"year":2016,"engine":5.4,"gearbox":"Automatic","condition":"Used","owner":{"username":"User2","notifications":[]}},{"brand":"McLaren","model":"720","price":200000,"year":2019,"engine":5.2,"gearbox":"Automatic","condition":"Used","owner":{"username":"User2","notifications":[]}},{"brand":"Skoda","model":"Yeti","price":8900,"year":2010,"engine":1.6,"gearbox":"Mechanical","condition":"Used","owner":{"username":"User2","notifications":[]}},{"brand":"Audi","model":"s5","price":15000,"year":2014,"engine":2.6,"gearbox":"Automatic","condition":"Used","owner":{"username":"User3","notifications":[]}},{"brand":"Audi","model":"s5","price":15000,"year":2014,"engine":2.6,"gearbox":"Automatic","condition":"Used","owner":{"username":"User3","notifications":[]}},{"brand":"Audi","model":"s5","price":15000,"year":2014,"engine":2.6,"gearbox":"Automatic","condition":"Used","owner":{"username":"User3","notifications":[]}},{"brand":"Audi","model":"s5","price":1500,"year":2014,"engine":2.6,"gearbox":"Automatic","condition":"Used","owner":{"username":"User3","notifications":[]}},{"brand":"Audi","model":"a5","price":20000,"year":2012,"engine":2,"gearbox":"Automatic","condition":"Used","owner":{"username":"User3","notifications":[]}},{"brand":"Audi","model":"a5","price":21000,"year":2012,"engine":2.6,"gearbox":"Automatic","condition":"Used","owner":{"username":"User3","notifications":[]}},{"brand":"Audi","model":"a5","price":11500,"year":2012,"engine":2,"gearbox":"Automatic","condition":"Used","owner":{"username":"User3","notifications":[]}},{"brand":"Audi","model":"s4","price":12000,"year":2011,"engine":2,"gearbox":"Automatic","condition":"Used","owner":{"username":"User3","notifications":[]}},{"brand":"Audi","model":"a4","price":10000,"year":2009,"engine":1.8,"gearbox":"Automatic","condition":"Used","owner":{"username":"User3","notifications":[]}},{"brand":"Audi","model":"a8","price":25000,"year":2018,"engine":3.8,"gearbox":"Automatic","condition":"Used","owner":{"username":"User3","notifications":[]}},{"brand":"Audi","model":"r8","price":39000,"year":2022,"engine":5.6,"gearbox":"Automatic","condition":"Used","owner":{"username":"User3","notifications":[]}},{"brand":"Audi","model":"a4","price":10000,"year":2008,"engine":2.6,"gearbox":"Automatic","condition":"Used","owner":{"username":"User3","notifications":[]}},{"brand":"Audi","model":"a3","price":10000,"year":2010,"engine":2,"gearbox":"Automatic","condition":"Used","owner":{"username":"User3","notifications":[]}},{"brand":"Audi","model":"80","price":3500,"year":1990,"engine":2.6,"gearbox":"Automatic","condition":"Used","owner":{"username":"User3","notifications":[]}},{"brand":"Audi","model":"a6","price":20000,"year":2018,"engine":2.6,"gearbox":"Automatic","condition":"Used","owner":{"username":"User3","notifications":[]}},{"brand":"Audi","model":"s5","price":15000,"year":2014,"engine":2.6,"gearbox":"Automatic","condition":"Used","owner":{"username":"User3","notifications":[]}},{"brand":"Audi","model":"s5","price":15000,"year":2014,"engine":2.6,"gearbox":"Automatic","condition":"Used","owner":{"username":"User3","notifications":[]}},{"brand":"Audi","model":"s5","price":15000,"year":2014,"engine":2.6,"gearbox":"Automatic","condition":"Used","owner":{"username":"User3","notifications":[]}},{"brand":"Audi","model":"s5","price":15000,"year":2014,"engine":2.6,"gearbox":"Automatic","condition":"Used","owner":{"username":"User3","notifications":[]}},{"brand":"Audi","model":"s5","price":15000,"year":2014,"engine":2.6,"gearbox":"Automatic","condition":"Used","owner":{"username":"User3","notifications":[]}},{"brand":"Audi","model":"s5","price":15000,"year":2014,"engine":2.6,"gearbox":"Automatic","condition":"Used","owner":{"username":"User3","notifications":[]}},{"brand":"Audi","model":"s5","price":15000,"year":2014,"engine":2.6,"gearbox":"Automatic","condition":"Used","owner":{"username":"User3","notifications":[]}},{"brand":"Audi","model":"s5","price":15000,"year":2014,"engine":2.6,"gearbox":"Automatic","condition":"Used","owner":{"username":"User3","notifications":[]}},{"brand":"Audi","model":"s5","price":15000,"year":2014,"engine":2.6,"gearbox":"Automatic","condition":"Used","owner":{"username":"User3","notifications":[]}},{"brand":"Audi","model":"s5","price":15000,"year":2014,"engine":2.6,"gearbox":"Automatic","condition":"Used","owner":{"username":"User3","notifications":[]}},{"brand":"Audi","model":"s5","price":15000,"year":2014,"engine":2.6,"gearbox":"Automatic","condition":"Used","owner":{"username":"User3","notifications":[]}},{"brand":"Audi","model":"s5","price":15000,"year":2014,"engine":2.6,"gearbox":"Automatic","condition":"Used","owner":{"username":"User3","notifications":[]}},{"brand":"Audi","model":"s5","price":15000,"year":2014,"engine":2.6,"gearbox":"Automatic","condition":"Used","owner":{"username":"User3","notifications":[]}},{"brand":"Daewoo","model":"Matiz","price":10000,"year":2003,"engine":1.3,"gearbox":"Mechanical","condition":"Used","owner":{"username":"User3","notifications":[]}}]