[{"username":"hello","notifications":[{"message":"User \u0027me\u0027, want to buy your car : Daewoo Lanos. 2005 year. 1212412 $."},{"message":"User \u0027me\u0027, want to buy your car : Daewoo Lanos. 2005 year. 1212412 $."},{"message":"User \u0027me\u0027, want to buy your car : Daewoo Lanos. 2005 year. 1212412 $."}]},{"username":"me","notifications":[{"message":"hello want to buy your car : Daewoo Sens. 2009 year. 102 $."},{"message":"hello want to buy your car : Daewoo Sens. 2009 year. 102 $."},{"message":"hihi want to buy your car : Daewoo Sens. 2009 year. 102 $."},{"message":"User \u0027hello\u0027, want to buy your car : Daewoo World. 2000 year. 124312 $."},{"message":"User \u0027hello\u0027, want to buy your car : Daewoo World. 2000 year. 124312 $."},{"message":"User \u0027hello\u0027, want to buy your car : Daewoo World. 2000 year. 124312 $."},{"message":"User \u0027hello\u0027, want to buy your car : Daewoo World. 2000 year. 124312 $."},{"message":"User \u0027hello\u0027, want to buy your car : Daewoo World. 2000 year. 124312 $."},{"message":"User \u0027hello\u0027, want to buy your car : Daewoo World. 2000 year. 124312 $."},{"message":"User \u0027hello\u0027, want to buy your car : Daewoo World. 2000 year. 124312 $."},{"message":"User \u0027hello\u0027, want to buy your car : Daewoo World. 2000 year. 124312 $."},{"message":"User \u0027asd\u0027, want to buy your car : Daewoo Matiz. 2005 year. 12412 $."},{"message":"User \u0027us\u0027, want to buy your car : Daewoo Matiz. 2005 year. 12412 $."}]},{"username":"admin","notifications":[]},{"username":"asdasdasd","notifications":[]},{"username":"HI","notifications":[]},{"username":"hihi","notifications":[]},{"username":"default","notifications":[]},{"username":"asd","notifications":[]},{"username":"","notifications":[]},{"username":"hi","notifications":[]},{"username":"Anotherme","notifications":[]},{"username":"AudiOwner","notifications":[{"message":"User \u0027asd\u0027, want to buy your car : Audi 100. 1999 year. 8000 $."}]},{"username":"AudiOwner2","notifications":[{"message":"User \u0027asd\u0027, want to buy your car : Audi 80. 1994 year. 5600 $."}]},{"username":"AudiOwner1","notifications":[]},{"username":"NotAudiOwner","notifications":[]},{"username":"Man","notifications":[]},{"username":"Test","notifications":[]},{"username":"USER","notifications":[]},{"username":"Hello","notifications":[{"message":"User \u0027asd\u0027, want to buy your car : Volkswagen Golf. 2010 year. 9999 $."}]},{"username":"\u0444\u0456\u0432","notifications":[]},{"username":"us","notifications":[]},{"username":"fg","notifications":[]},{"username":"df","notifications":[]},{"username":"User1","notifications":[]},{"username":"User2","notifications":[]},{"username":"User3","notifications":[]},{"username":"User4","notifications":[]}]